采掘,石油开采
采掘,其他采掘
采掘,煤炭开采
采掘,采掘服务
传媒,营销传播
传媒,文化传媒
传媒,互联网传媒
电气设备,高低压设备
电气设备,电源设备
电气设备,电气自动化设备
电气设备,电机
电子,元件
电子,其他电子
电子,光学光电子
电子,电子制造
电子,半导体
房地产,园区开发
房地产,房地产开发
纺织服装,服装家纺
纺织服装,纺织制造
非银金融,证券
非银金融,多元金融
非银金融,保险
钢铁,钢铁
公用事业,水务
公用事业,燃气
公用事业,环保工程及服务
公用事业,电力
国防军工,航天装备
国防军工,航空装备
国防军工,地面兵装
国防军工,船舶制造
化工,橡胶
化工,塑料
化工,石油化工
化工,化学制品
化工,化学原料
化工,化学纤维
机械设备,专用设备
机械设备,运输设备
机械设备,仪器仪表
机械设备,通用机械
机械设备,金属制品
计算机,计算机应用
家用电器,视听器材
家用电器,白色家电
建筑材料,水泥制造
建筑材料,其他建材
建筑材料,玻璃制造
建筑装饰,装修装饰
建筑装饰,专业工程
建筑装饰,园林工程
建筑装饰,基础建设
建筑装饰,房屋建设
交通运输,物流
交通运输,铁路运输
交通运输,机场
交通运输,航运
交通运输,航空运输
交通运输,公交
交通运输,高速公路
交通运输,港口
农林牧渔,种植业
农林牧渔,渔业
农林牧渔,饲料
农林牧渔,农业综合
农林牧渔,农产品加工
农林牧渔,林业
农林牧渔,动物保健
农林牧渔,畜禽养殖
汽车,汽车整车
汽车,汽车零部件
汽车,汽车服务
汽车,其他交运设备
轻工制造,造纸
轻工制造,其他轻工制造
轻工制造,家用轻工
轻工制造,包装印刷
商业贸易,专业零售
商业贸易,一般零售
商业贸易,商业物业经营
商业贸易,贸易
食品饮料,饮料制造
食品饮料,食品加工
通信,通信运营
通信,通信设备
休闲服务,其他休闲服务
休闲服务,旅游综合
休闲服务,酒店
休闲服务,景点
休闲服务,餐饮
医药生物,中药
医药生物,医药商业
医药生物,医疗器械
医药生物,医疗服务
医药生物,生物制品
医药生物,化学制药
银行,银行
有色金属,稀有金属
有色金属,金属非金属新材料
有色金属,黄金
有色金属,工业金属
综合,综合